target,chat_id,chat_title,wait_time,batch_size,log_every,run_index,deleted_messages,stored_messages,elapsed_sec,messages_per_sec,status,error
濂冲悓馃巰鐧惧悎,1586280540,濂冲悓馃巰鐧惧悎,,2000,5000,1,0,5917,66.46323896688409,89.02665732177451,ok,
濂冲悓馃巰鐧惧悎,1586280540,濂冲悓馃巰鐧惧悎,0.5,2000,5000,1,5917,5918,58.675437731901184,100.85992075662776,ok,
濂冲悓馃巰鐧惧悎,1586280540,濂冲悓馃巰鐧惧悎,0.2,2000,5000,1,5918,5917,57.62356213782914,102.68369015173333,ok,
濂冲悓馃巰鐧惧悎,1586280540,濂冲悓馃巰鐧惧悎,0.1,2000,5000,1,5917,5917,58.108520263805985,101.82671961250264,ok,
濂冲悓馃巰鐧惧悎,1586280540,濂冲悓馃巰鐧惧悎,0.0,2000,5000,1,5917,5917,58.737108398927376,100.73699848847262,ok,
